{
    "total_runtime": 412.99566531181335,
    "num_documents": 0,
    "update_documents": 1,
    "input_load_time": 0,
    "workflows": {
        "load_update_documents": {
            "overall": 0.02276611328125
        },
        "create_base_text_units": {
            "overall": 0.02537679672241211
        },
        "create_final_documents": {
            "overall": 0.03282022476196289
        },
        "extract_graph": {
            "overall": 89.87315368652344
        },
        "finalize_graph": {
            "overall": 0.049832820892333984
        },
        "extract_covariates": {
            "overall": 0.0004723072052001953
        },
        "create_communities": {
            "overall": 0.06437230110168457
        },
        "create_final_text_units": {
            "overall": 0.04992270469665527
        },
        "create_community_reports": {
            "overall": 240.3222849369049
        },
        "generate_text_embeddings": {
            "overall": 7.96150016784668
        },
        "update_final_documents": {
            "overall": 0.02410888671875
        },
        "update_entities_relationships": {
            "overall": 62.11240816116333
        },
        "update_text_units": {
            "overall": 0.022475242614746094
        },
        "update_covariates": {
            "overall": 0.0014462471008300781
        },
        "update_communities": {
            "overall": 0.022970199584960938
        },
        "update_community_reports": {
            "overall": 0.03353309631347656
        },
        "update_text_embeddings": {
            "overall": 12.370376110076904
        },
        "update_clean_state": {
            "overall": 0.0018301010131835938
        }
    }
}