{
    "total_runtime": 234.8996307849884,
    "num_documents": 0,
    "update_documents": 1,
    "input_load_time": 0,
    "workflows": {
        "load_update_documents": {
            "overall": 0.025745868682861328
        },
        "create_base_text_units": {
            "overall": 0.02451300621032715
        },
        "create_final_documents": {
            "overall": 0.029856443405151367
        },
        "extract_graph": {
            "overall": 68.09341311454773
        },
        "finalize_graph": {
            "overall": 0.06558942794799805
        },
        "extract_covariates": {
            "overall": 0.0004551410675048828
        },
        "create_communities": {
            "overall": 0.06190991401672363
        },
        "create_final_text_units": {
            "overall": 0.04956173896789551
        },
        "create_community_reports": {
            "overall": 120.24258232116699
        },
        "generate_text_embeddings": {
            "overall": 16.531052589416504
        },
        "update_final_documents": {
            "overall": 0.020208358764648438
        },
        "update_entities_relationships": {
            "overall": 2.355469226837158
        },
        "update_text_units": {
            "overall": 0.02252650260925293
        },
        "update_covariates": {
            "overall": 0.0016727447509765625
        },
        "update_communities": {
            "overall": 0.02332019805908203
        },
        "update_community_reports": {
            "overall": 0.02810049057006836
        },
        "update_text_embeddings": {
            "overall": 27.319169998168945
        },
        "update_clean_state": {
            "overall": 0.0012333393096923828
        }
    }
}