{
    "total_runtime": 372.6623613834381,
    "num_documents": 0,
    "update_documents": 1,
    "input_load_time": 0,
    "workflows": {
        "load_update_documents": {
            "overall": 0.024358272552490234
        },
        "create_base_text_units": {
            "overall": 0.026271343231201172
        },
        "create_final_documents": {
            "overall": 0.034928083419799805
        },
        "extract_graph": {
            "overall": 89.33146929740906
        },
        "finalize_graph": {
            "overall": 0.05272698402404785
        },
        "extract_covariates": {
            "overall": 0.0004646778106689453
        },
        "create_communities": {
            "overall": 0.06626772880554199
        },
        "create_final_text_units": {
            "overall": 0.052607059478759766
        },
        "create_community_reports": {
            "overall": 180.28932189941406
        },
        "generate_text_embeddings": {
            "overall": 7.13348388671875
        },
        "update_final_documents": {
            "overall": 0.021125078201293945
        },
        "update_entities_relationships": {
            "overall": 63.61096739768982
        },
        "update_text_units": {
            "overall": 0.03278541564941406
        },
        "update_covariates": {
            "overall": 0.0020766258239746094
        },
        "update_communities": {
            "overall": 0.029835939407348633
        },
        "update_community_reports": {
            "overall": 0.048033714294433594
        },
        "update_text_embeddings": {
            "overall": 31.899147748947144
        },
        "update_clean_state": {
            "overall": 0.002842426300048828
        }
    }
}