{
    "total_runtime": 394.1905529499054,
    "num_documents": 0,
    "update_documents": 1,
    "input_load_time": 0,
    "workflows": {
        "load_update_documents": {
            "overall": 0.024411916732788086
        },
        "create_base_text_units": {
            "overall": 0.025580406188964844
        },
        "create_final_documents": {
            "overall": 0.03326153755187988
        },
        "extract_graph": {
            "overall": 66.82469725608826
        },
        "finalize_graph": {
            "overall": 0.04173016548156738
        },
        "extract_covariates": {
            "overall": 0.0004200935363769531
        },
        "create_communities": {
            "overall": 0.0557706356048584
        },
        "create_final_text_units": {
            "overall": 0.0412442684173584
        },
        "create_community_reports": {
            "overall": 180.20513796806335
        },
        "generate_text_embeddings": {
            "overall": 10.252238988876343
        },
        "update_final_documents": {
            "overall": 0.029180526733398438
        },
        "update_entities_relationships": {
            "overall": 123.26488137245178
        },
        "update_text_units": {
            "overall": 0.022596359252929688
        },
        "update_covariates": {
            "overall": 0.0014259815216064453
        },
        "update_communities": {
            "overall": 0.03406214714050293
        },
        "update_community_reports": {
            "overall": 0.04577159881591797
        },
        "update_text_embeddings": {
            "overall": 13.28119158744812
        },
        "update_clean_state": {
            "overall": 0.003290414810180664
        }
    }
}