{
    "total_runtime": 131.26582741737366,
    "num_documents": 0,
    "update_documents": 1,
    "input_load_time": 0,
    "workflows": {
        "load_update_documents": {
            "overall": 0.022059202194213867
        },
        "create_base_text_units": {
            "overall": 0.024159908294677734
        },
        "create_final_documents": {
            "overall": 0.03292417526245117
        },
        "extract_graph": {
            "overall": 78.72884154319763
        },
        "finalize_graph": {
            "overall": 0.05103921890258789
        },
        "extract_covariates": {
            "overall": 0.00045180320739746094
        },
        "create_communities": {
            "overall": 0.06552600860595703
        },
        "create_final_text_units": {
            "overall": 0.04923868179321289
        },
        "create_community_reports": {
            "overall": 10.474390029907227
        },
        "generate_text_embeddings": {
            "overall": 14.601514101028442
        },
        "update_final_documents": {
            "overall": 0.019261837005615234
        },
        "update_entities_relationships": {
            "overall": 2.5230178833007812
        },
        "update_text_units": {
            "overall": 0.01946401596069336
        },
        "update_covariates": {
            "overall": 0.0014121532440185547
        },
        "update_communities": {
            "overall": 0.02117323875427246
        },
        "update_community_reports": {
            "overall": 0.026044845581054688
        },
        "update_text_embeddings": {
            "overall": 24.60042452812195
        },
        "update_clean_state": {
            "overall": 0.0014309883117675781
        }
    }
}