{
    "total_runtime": 274.9847550392151,
    "num_documents": 0,
    "update_documents": 1,
    "input_load_time": 0,
    "workflows": {
        "load_update_documents": {
            "overall": 0.024388551712036133
        },
        "create_base_text_units": {
            "overall": 0.02635979652404785
        },
        "create_final_documents": {
            "overall": 0.03359079360961914
        },
        "extract_graph": {
            "overall": 67.49136424064636
        },
        "finalize_graph": {
            "overall": 0.050478458404541016
        },
        "extract_covariates": {
            "overall": 0.0004527568817138672
        },
        "create_communities": {
            "overall": 0.06506991386413574
        },
        "create_final_text_units": {
            "overall": 0.05285525321960449
        },
        "create_community_reports": {
            "overall": 180.23828125
        },
        "generate_text_embeddings": {
            "overall": 9.702431440353394
        },
        "update_final_documents": {
            "overall": 0.021282434463500977
        },
        "update_entities_relationships": {
            "overall": 0.755378007888794
        },
        "update_text_units": {
            "overall": 0.023785829544067383
        },
        "update_covariates": {
            "overall": 0.001438140869140625
        },
        "update_communities": {
            "overall": 0.024591922760009766
        },
        "update_community_reports": {
            "overall": 0.03510427474975586
        },
        "update_text_embeddings": {
            "overall": 16.430450916290283
        },
        "update_clean_state": {
            "overall": 0.003629446029663086
        }
    }
}