{
    "total_runtime": 1142.5429801940918,
    "num_documents": 0,
    "update_documents": 1,
    "input_load_time": 0,
    "workflows": {
        "load_update_documents": {
            "overall": 0.023583650588989258
        },
        "create_base_text_units": {
            "overall": 0.024882793426513672
        },
        "create_final_documents": {
            "overall": 0.03169441223144531
        },
        "extract_graph": {
            "overall": 970.8434083461761
        },
        "finalize_graph": {
            "overall": 0.052107810974121094
        },
        "extract_covariates": {
            "overall": 0.0004265308380126953
        },
        "create_communities": {
            "overall": 0.06308579444885254
        },
        "create_final_text_units": {
            "overall": 0.049683332443237305
        },
        "create_community_reports": {
            "overall": 75.79072737693787
        },
        "generate_text_embeddings": {
            "overall": 28.665189266204834
        },
        "update_final_documents": {
            "overall": 0.020468950271606445
        },
        "update_entities_relationships": {
            "overall": 5.42702317237854
        },
        "update_text_units": {
            "overall": 0.020548582077026367
        },
        "update_covariates": {
            "overall": 0.0013594627380371094
        },
        "update_communities": {
            "overall": 0.021800756454467773
        },
        "update_community_reports": {
            "overall": 0.026847362518310547
        },
        "update_text_embeddings": {
            "overall": 61.47542452812195
        },
        "update_clean_state": {
            "overall": 0.0019290447235107422
        }
    }
}