{
    "total_runtime": 222.22476625442505,
    "num_documents": 0,
    "update_documents": 1,
    "input_load_time": 0,
    "workflows": {
        "load_update_documents": {
            "overall": 0.024303674697875977
        },
        "create_base_text_units": {
            "overall": 0.026006221771240234
        },
        "create_final_documents": {
            "overall": 0.03430819511413574
        },
        "extract_graph": {
            "overall": 68.9167869091034
        },
        "finalize_graph": {
            "overall": 0.052474260330200195
        },
        "extract_covariates": {
            "overall": 0.0005071163177490234
        },
        "create_communities": {
            "overall": 0.06652593612670898
        },
        "create_final_text_units": {
            "overall": 0.053148508071899414
        },
        "create_community_reports": {
            "overall": 120.21590900421143
        },
        "generate_text_embeddings": {
            "overall": 8.575989961624146
        },
        "update_final_documents": {
            "overall": 0.02031707763671875
        },
        "update_entities_relationships": {
            "overall": 6.8030030727386475
        },
        "update_text_units": {
            "overall": 0.024088621139526367
        },
        "update_covariates": {
            "overall": 0.0028984546661376953
        },
        "update_communities": {
            "overall": 0.027668237686157227
        },
        "update_community_reports": {
            "overall": 0.040349721908569336
        },
        "update_text_embeddings": {
            "overall": 17.33398938179016
        },
        "update_clean_state": {
            "overall": 0.0024216175079345703
        }
    }
}