{
    "total_runtime": 299.57544803619385,
    "num_documents": 0,
    "update_documents": 1,
    "input_load_time": 0,
    "workflows": {
        "load_update_documents": {
            "overall": 0.01599597930908203
        },
        "create_base_text_units": {
            "overall": 0.019549131393432617
        },
        "create_final_documents": {
            "overall": 0.02535414695739746
        },
        "extract_graph": {
            "overall": 68.34969782829285
        },
        "finalize_graph": {
            "overall": 0.0638437271118164
        },
        "extract_covariates": {
            "overall": 0.00045680999755859375
        },
        "create_communities": {
            "overall": 0.06296300888061523
        },
        "create_final_text_units": {
            "overall": 0.05017495155334473
        },
        "create_community_reports": {
            "overall": 73.34861278533936
        },
        "generate_text_embeddings": {
            "overall": 12.284980058670044
        },
        "update_final_documents": {
            "overall": 0.014210224151611328
        },
        "update_entities_relationships": {
            "overall": 122.03042984008789
        },
        "update_text_units": {
            "overall": 0.02120828628540039
        },
        "update_covariates": {
            "overall": 0.0014119148254394531
        },
        "update_communities": {
            "overall": 0.02339959144592285
        },
        "update_community_reports": {
            "overall": 0.032834529876708984
        },
        "update_text_embeddings": {
            "overall": 23.227213859558105
        },
        "update_clean_state": {
            "overall": 0.0016756057739257812
        }
    }
}