{
    "total_runtime": 282.5222954750061,
    "num_documents": 0,
    "update_documents": 1,
    "input_load_time": 0,
    "workflows": {
        "load_update_documents": {
            "overall": 0.02443552017211914
        },
        "create_base_text_units": {
            "overall": 0.02868509292602539
        },
        "create_final_documents": {
            "overall": 0.04288125038146973
        },
        "extract_graph": {
            "overall": 78.90565872192383
        },
        "finalize_graph": {
            "overall": 0.05686020851135254
        },
        "extract_covariates": {
            "overall": 0.0006945133209228516
        },
        "create_communities": {
            "overall": 0.0693202018737793
        },
        "create_final_text_units": {
            "overall": 0.05172276496887207
        },
        "create_community_reports": {
            "overall": 180.19820618629456
        },
        "generate_text_embeddings": {
            "overall": 7.949889898300171
        },
        "update_final_documents": {
            "overall": 0.027425765991210938
        },
        "update_entities_relationships": {
            "overall": 2.1225686073303223
        },
        "update_text_units": {
            "overall": 0.021867990493774414
        },
        "update_covariates": {
            "overall": 0.001493215560913086
        },
        "update_communities": {
            "overall": 0.024255037307739258
        },
        "update_community_reports": {
            "overall": 0.037070512771606445
        },
        "update_text_embeddings": {
            "overall": 12.952270746231079
        },
        "update_clean_state": {
            "overall": 0.0027861595153808594
        }
    }
}