{
    "total_runtime": 222.92688965797424,
    "num_documents": 0,
    "update_documents": 1,
    "input_load_time": 0,
    "workflows": {
        "load_update_documents": {
            "overall": 0.026170969009399414
        },
        "create_base_text_units": {
            "overall": 0.026927709579467773
        },
        "create_final_documents": {
            "overall": 0.034659624099731445
        },
        "extract_graph": {
            "overall": 66.62777256965637
        },
        "finalize_graph": {
            "overall": 0.06613469123840332
        },
        "extract_covariates": {
            "overall": 0.00045943260192871094
        },
        "create_communities": {
            "overall": 0.06584525108337402
        },
        "create_final_text_units": {
            "overall": 0.051253318786621094
        },
        "create_community_reports": {
            "overall": 120.20409297943115
        },
        "generate_text_embeddings": {
            "overall": 8.896886587142944
        },
        "update_final_documents": {
            "overall": 0.022023439407348633
        },
        "update_entities_relationships": {
            "overall": 2.099033832550049
        },
        "update_text_units": {
            "overall": 0.02314281463623047
        },
        "update_covariates": {
            "overall": 0.001476287841796875
        },
        "update_communities": {
            "overall": 0.023865699768066406
        },
        "update_community_reports": {
            "overall": 0.03807330131530762
        },
        "update_text_embeddings": {
            "overall": 24.712871551513672
        },
        "update_clean_state": {
            "overall": 0.002325296401977539
        }
    }
}