{
    "total_runtime": 258.97898626327515,
    "num_documents": 0,
    "update_documents": 1,
    "input_load_time": 0,
    "workflows": {
        "load_update_documents": {
            "overall": 0.01932072639465332
        },
        "create_base_text_units": {
            "overall": 0.026479482650756836
        },
        "create_final_documents": {
            "overall": 0.034714460372924805
        },
        "extract_graph": {
            "overall": 76.50170755386353
        },
        "finalize_graph": {
            "overall": 0.06560230255126953
        },
        "extract_covariates": {
            "overall": 0.0006015300750732422
        },
        "create_communities": {
            "overall": 0.0775151252746582
        },
        "create_final_text_units": {
            "overall": 0.050162553787231445
        },
        "create_community_reports": {
            "overall": 82.7633843421936
        },
        "generate_text_embeddings": {
            "overall": 9.787389039993286
        },
        "update_final_documents": {
            "overall": 0.02014923095703125
        },
        "update_entities_relationships": {
            "overall": 62.43727970123291
        },
        "update_text_units": {
            "overall": 0.018616437911987305
        },
        "update_covariates": {
            "overall": 0.0014109611511230469
        },
        "update_communities": {
            "overall": 0.02171158790588379
        },
        "update_community_reports": {
            "overall": 0.026657819747924805
        },
        "update_text_embeddings": {
            "overall": 27.123559951782227
        },
        "update_clean_state": {
            "overall": 0.0010669231414794922
        }
    }
}