{
    "total_runtime": 427.18135595321655,
    "num_documents": 0,
    "update_documents": 1,
    "input_load_time": 0,
    "workflows": {
        "load_update_documents": {
            "overall": 0.02307891845703125
        },
        "create_base_text_units": {
            "overall": 0.025351285934448242
        },
        "create_final_documents": {
            "overall": 0.033232927322387695
        },
        "extract_graph": {
            "overall": 68.98345923423767
        },
        "finalize_graph": {
            "overall": 0.04014325141906738
        },
        "extract_covariates": {
            "overall": 0.0003902912139892578
        },
        "create_communities": {
            "overall": 0.05318927764892578
        },
        "create_final_text_units": {
            "overall": 0.03851628303527832
        },
        "create_community_reports": {
            "overall": 240.30691528320312
        },
        "generate_text_embeddings": {
            "overall": 32.06590938568115
        },
        "update_final_documents": {
            "overall": 0.020794391632080078
        },
        "update_entities_relationships": {
            "overall": 64.66128134727478
        },
        "update_text_units": {
            "overall": 0.022618532180786133
        },
        "update_covariates": {
            "overall": 0.0013971328735351562
        },
        "update_communities": {
            "overall": 0.023602008819580078
        },
        "update_community_reports": {
            "overall": 0.03032398223876953
        },
        "update_text_embeddings": {
            "overall": 20.846374988555908
        },
        "update_clean_state": {
            "overall": 0.0016024112701416016
        }
    }
}