{
    "total_runtime": 257.22491669654846,
    "num_documents": 0,
    "update_documents": 1,
    "input_load_time": 0,
    "workflows": {
        "load_update_documents": {
            "overall": 0.022467374801635742
        },
        "create_base_text_units": {
            "overall": 0.024506330490112305
        },
        "create_final_documents": {
            "overall": 0.033927202224731445
        },
        "extract_graph": {
            "overall": 69.252774477005
        },
        "finalize_graph": {
            "overall": 0.05228614807128906
        },
        "extract_covariates": {
            "overall": 0.0004622936248779297
        },
        "create_communities": {
            "overall": 0.06884074211120605
        },
        "create_final_text_units": {
            "overall": 0.05116081237792969
        },
        "create_community_reports": {
            "overall": 91.34361577033997
        },
        "generate_text_embeddings": {
            "overall": 11.033019304275513
        },
        "update_final_documents": {
            "overall": 0.021940946578979492
        },
        "update_entities_relationships": {
            "overall": 65.1944465637207
        },
        "update_text_units": {
            "overall": 0.022930622100830078
        },
        "update_covariates": {
            "overall": 0.0014705657958984375
        },
        "update_communities": {
            "overall": 0.023847341537475586
        },
        "update_community_reports": {
            "overall": 0.039008378982543945
        },
        "update_text_embeddings": {
            "overall": 20.03257465362549
        },
        "update_clean_state": {
            "overall": 0.0025031566619873047
        }
    }
}